1783267438035,62.1451526,6.0701335,11.482,-1.0,0,0,підтвердження ходьби…,77,1835875
1783268937150,62.1452837,6.0700267,18.605,0.6702989,0,0,підтвердження ходьби…,85,2023500
1783268940249,62.1452969,6.0700778,24.298,0.15318981,0,0,підтвердження ходьби…,85,2021125
1783268942249,62.1453247,6.0701009,23.427,0.17389724,0,0,ok,85,2021125
1783268944185,62.1453427,6.070107,17.675,0.15564576,1,1,ok,85,2021125
1783268946064,62.1453499,6.0701045,14.021,0.2004302,0,1,ok,85,2021125
1783268948254,62.1453406,6.0700831,10.312,0.2867506,0,1,ok,85,2021125
1783268950270,62.1453364,6.0700864,8.162,0.15788327,0,1,ok,85,2021125
1783268952286,62.1453306,6.0700916,6.14,0.04695214,0,1,ok,85,2021125
1783268954301,62.1453274,6.0700961,5.499,0.059930746,0,1,ok,85,2021125
1783268956245,62.1453193,6.0700925,5.101,0.08249434,0,1,ok,85,2021125
1783268958168,62.1453184,6.0700978,4.771,0.15695034,0,1,ok,85,2021125
1783268960250,62.1453225,6.0701058,4.656,0.099242315,0,1,ok,85,2021125
1783268962167,62.145323,6.0701081,4.703,0.14106527,0,1,ok,85,2021125
1783268964268,62.1453237,6.0701119,4.743,0.035430867,0,1,ok,85,2021125
1783268966264,62.1453262,6.0701173,4.777,0.040374037,0,1,ok,85,2021125
1783268968299,62.1453262,6.0701182,4.721,0.037531707,0,1,ok,85,2021125
1783268970316,62.1453262,6.0701183,3.153,0.10057258,0,1,ok,84,2018750
1783268972330,62.1453259,6.0701212,3.289,0.07045259,0,1,ok,84,2018750
1783268974249,62.1453253,6.0701257,3.413,0.21284717,0,1,ok,84,2018750
1783268976249,62.1453214,6.0701478,3.655,0.29626516,0,1,ok,84,2018750
1783268978262,62.1453169,6.0701613,3.816,0.2079151,0,1,ok,84,2018750
1783268980276,62.1453001,6.0701846,3.772,0.49009976,2,3,ok,84,2018750
1783268982290,62.1452988,6.0701831,4.079,0.59658635,0,3,ok,84,2018750
1783268984250,62.1453037,6.0702044,4.554,1.3819431,0,3,ok,84,2018750
1783268986249,62.1452975,6.0702355,5.269,1.2334548,0,3,ok,84,2018750
1783268988249,62.1452623,6.0702418,6.648,1.5168535,1,4,ok,84,2018750
1783268990249,62.1452383,6.0702511,8.636,1.5358841,0,4,ok,84,2018750
1783268992251,62.1452191,6.070253,10.619,1.3080597,0,4,ok,84,2018750
1783268994290,62.1452207,6.0702422,14.022,0.48969358,0,4,ok,84,2018750
1783268996282,62.1452324,6.070237,15.525,0.3546548,0,4,ok,84,2018750
1783268998249,62.1451887,6.0702194,10.181,1.175305,0,4,ok,84,2018750
1783269000249,62.1451952,6.070252,8.227,0.71222204,0,4,ok,84,2016375
1783269002249,62.1452095,6.070264,5.601,0.27393872,0,4,ok,84,2016375
1783269004250,62.1452201,6.0702644,5.657,0.19506843,0,4,ok,84,2016375
1783269006250,62.1452231,6.0702488,5.283,0.18806146,0,4,ok,84,2016375
1783269008264,62.1452208,6.0702471,5.143,0.17663486,0,4,ok,84,2016375
1783269010281,62.1452215,6.0702376,4.879,0.3237981,0,4,ok,84,2016375
1783269012249,62.1452306,6.0702072,5.054,0.51575553,0,4,ok,84,2016375
1783269014313,62.1452286,6.0702023,5.233,0.3264391,0,4,ok,84,2016375
1783269016250,62.1452228,6.0701966,5.264,0.20808777,0,4,ok,84,2016375
1783269018345,62.1452198,6.0702016,5.208,0.20959999,0,4,ok,84,2016375
1783269020249,62.1452294,6.0701863,5.06,0.6717325,0,4,ok,84,2016375
1783269022263,62.1452288,6.0701806,5.208,0.28151953,0,4,ok,84,2016375
1783269024278,62.1452287,6.0701862,5.177,0.12966082,0,4,ok,84,2016375
1783269026249,62.1452337,6.0702093,4.616,0.57413346,0,4,ok,84,2016375
1783269028250,62.1452298,6.0702271,4.302,0.59763557,0,4,ok,84,2016375
1783269030250,62.145232,6.0702165,4.247,0.6112097,0,4,ok,84,2014000
1783269032250,62.1452395,6.0702243,4.415,0.32526278,0,4,ok,84,2014000
1783269034249,62.1452381,6.0702282,4.438,0.12231138,0,4,ok,84,2014000
1783269036304,62.1452384,6.070228,4.37,0.15881862,0,4,ok,84,2014000
1783269038276,62.1452433,6.0702401,4.296,0.1395222,0,4,ok,84,2014000
1783269040291,62.1452464,6.0702498,4.259,0.16168219,0,4,ok,84,2014000
1783269042306,62.1452443,6.0702469,4.126,0.13990094,0,4,ok,84,2014000
1783269044322,62.1452459,6.0702483,4.103,0.070387945,0,4,ok,84,2014000
1783269046337,62.1452478,6.0702472,4.27,0.034078747,0,4,ok,84,2014000
1783269048249,62.1452496,6.0702398,4.235,0.08341924,0,4,ok,84,2014000
1783269050259,62.1452503,6.0702407,4.248,0.02212577,0,4,ok,84,2014000
1783269052275,62.14525,6.0702404,3.974,0.108888306,0,4,ok,84,2014000
1783269054291,62.1452513,6.0702442,4.107,0.104438744,0,4,ok,84,2014000
1783269056250,62.1452547,6.070246,4.043,0.29719958,0,4,ok,84,2014000
1783269058249,62.145256,6.0702449,4.207,0.11285298,0,4,ok,84,2014000
1783269060195,62.1452562,6.0702412,4.183,0.14593369,0,4,ok,84,2014000
1783269062249,62.1452491,6.0702437,3.966,0.22657838,0,4,ok,84,2011625
1783269064260,62.1452507,6.0702436,3.798,0.13313362,0,4,ok,84,2011625
1783269066275,62.1452526,6.0702354,3.844,0.2105251,0,4,ok,84,2011625
1783269068291,62.1452529,6.0702337,4.086,0.07152524,0,4,ok,84,2011625
1783269070250,62.145246,6.0702352,4.398,0.17554541,0,4,ok,84,2011625
1783269072250,62.1452463,6.0702389,4.521,0.2087205,0,4,ok,84,2011625
1783269074249,62.1452481,6.0702425,4.416,0.28008226,0,4,ok,84,2011625
1783269076164,62.1452504,6.0702435,4.323,0.17444764,0,4,ok,84,2011625
1783269077971,62.145251,6.0702412,4.15,0.17115417,0,4,ok,84,2011625
1783269080272,62.1452436,6.0702365,4.199,0.13177402,0,4,ok,84,2011625
1783269082287,62.1452447,6.0702366,4.386,0.12263998,0,4,ok,84,2011625
1783269084271,62.1452483,6.0702355,4.45,0.104550496,0,4,ok,84,2011625
1783269086250,62.1452514,6.0702363,4.269,0.03282666,0,4,ok,84,2011625
1783269088250,62.1452467,6.0702347,3.965,0.14299968,0,4,ok,84,2011625
1783269090250,62.1452478,6.0702333,3.58,0.046606444,0,4,ok,84,2011625
1783269092253,62.1452481,6.0702344,3.745,0.026642311,0,4,ok,84,2009250
1783269094270,62.14525,6.0702375,3.939,0.048996992,0,4,ok,84,2009250
1783269096283,62.1452516,6.0702393,3.976,0.13579702,0,4,ok,84,2009250
1783269098298,62.1452432,6.070315,3.414,1.3103498,0,4,ok,84,2009250
1783269100271,62.145244,6.07036,3.518,1.3238481,0,4,ok,84,2009250
1783269102331,62.1452581,6.0703729,4.901,1.1279994,0,4,ok,84,2009250
1783269104345,62.1452798,6.0703471,7.059,1.0974634,0,4,ok,84,2009250
1783269106249,62.1452762,6.0703013,8.009,0.9810642,0,4,ok,84,2009250
1783269108264,62.1452685,6.0702896,7.753,0.97647214,0,4,ok,84,2009250
1783269110280,62.1452785,6.0702658,6.415,1.0853184,0,4,ok,84,2009250
1783269112297,62.1452463,6.0702454,5.942,1.2039808,0,4,ok,84,2009250
1783269114311,62.145237,6.0702225,5.777,1.0163127,0,4,ok,84,2009250
1783269116326,62.1452353,6.0702389,6.24,0.74773896,0,4,ok,84,2009250
1783269118304,62.1452412,6.0702383,7.067,0.25593013,0,4,ok,84,2009250
1783269120250,62.1452605,6.0701818,7.403,0.1258468,0,4,ok,84,2009250
1783269122258,62.1452836,6.0701281,7.504,0.10404205,0,4,ok,84,2009250
1783269124274,62.1452915,6.0701169,6.637,0.079405725,0,4,ok,84,2009250
1783269126287,62.1452948,6.070115,5.651,0.028165603,0,4,ok,84,2009250
1783269128301,62.1452952,6.0701143,4.678,0.02209731,0,4,ok,84,2009250
1783269130315,62.1452941,6.0701086,3.956,0.029400142,0,4,ok,84,2009250
1783269132330,62.1452929,6.0701099,3.723,0.025105579,0,4,ok,84,2009250
1783269134346,62.1452911,6.0701119,3.613,0.06859373,0,4,ok,84,2009250
1783269136359,62.1452894,6.0701146,3.63,0.07912313,0,4,ok,84,2009250
1783269138374,62.1452883,6.070117,3.576,0.0036115707,0,4,ok,84,2009250
1783269140277,62.1452876,6.0701188,3.458,0.008792394,0,4,ok,84,2009250
1783269142293,62.1452873,6.0701198,3.335,0.013108592,0,4,ok,84,2009250
1783269144309,62.1452851,6.0701221,3.0,0.016795425,0,4,ok,84,2009250
1783269146323,62.1452852,6.070122,3.0,0.02187031,0,4,ok,84,2009250
1783269148338,62.1452852,6.0701221,3.0,0.023576492,0,4,ok,84,2009250
1783269150249,62.1452826,6.0701297,3.0,0.30990943,0,4,ok,84,2009250
1783269152257,62.1452847,6.0701222,3.0,0.3111258,0,4,ok,84,2006875
1783269154273,62.1452845,6.0701228,3.0,0.054933462,0,4,ok,84,2006875
1783269156288,62.1452837,6.0701249,3.0,0.04596801,0,4,ok,84,2006875
1783269158304,62.1452834,6.0701267,3.0,0.06447162,0,4,ok,84,2006875
1783269160594,62.1452886,6.0701559,3.113,0.8968047,0,4,ok,84,2006875
1783269163116,62.1452856,6.0701654,3.379,0.46810076,0,4,ok,84,2006875
1783269165061,62.145296,6.0701874,4.321,0.6429281,0,4,ok,84,2006875
1783269166943,62.1453242,6.0702158,4.82,0.9479476,0,4,ok,84,2006875
1783269168840,62.1453513,6.070233,4.929,1.0102488,0,4,ok,84,2006875
1783269170719,62.145374,6.0702381,4.847,1.0648965,0,4,ok,84,2006875
1783269172799,62.1453965,6.0702673,4.673,0.9899756,0,4,ok,84,2006875
1783269175280,62.145419,6.0702898,4.613,0.93225235,0,4,ok,84,2006875
1783269177135,62.1454455,6.0703212,4.483,1.1608202,0,4,ok,84,2006875
1783269179366,62.1454715,6.0703375,4.497,1.104325,0,4,ok,84,2006875
1783269181282,62.1454969,6.0703376,4.392,0.9575087,0,4,ok,84,2006875
1783269183287,62.1455078,6.0703365,4.267,0.9306566,0,4,ok,84,2004500
1783269185304,62.1455244,6.0703272,4.224,0.9335025,0,4,ok,84,2004500
1783269187320,62.1455405,6.070326,4.247,0.8335055,0,4,ok,84,2004500
1783269189321,62.14556,6.070334,4.296,0.882845,1,5,ok,84,2004500
1783269191351,62.1455869,6.0703563,4.451,1.1235462,1,6,ok,84,2004500
1783269193367,62.1456092,6.0703868,4.466,1.0833426,0,6,ok,84,2004500
1783269195383,62.1456286,6.0704138,4.445,1.1012905,1,7,ok,84,2004500
1783269197403,62.1456523,6.0704378,4.393,1.1120235,0,7,ok,84,2004500
1783269199300,62.1456752,6.0704642,4.432,1.1105192,0,7,ok,84,2004500
1783269201402,62.1456939,6.0704845,4.22,1.0603862,0,7,ok,84,2004500
1783269203381,62.1457128,6.0705071,4.011,1.0254011,0,7,ok,84,2004500
1783269205343,62.1457287,6.0705301,3.968,1.0750058,0,7,ok,84,2004500
1783269207357,62.1457474,6.0705512,4.117,1.0619911,1,8,ok,84,2004500
1783269209259,62.1457691,6.0705682,4.246,1.0943637,0,8,ok,84,2004500
1783269211384,62.1457884,6.070582,4.307,0.99683297,1,9,ok,84,2004500
1783269213215,62.1458029,6.070603,4.363,1.0297375,0,9,ok,84,2002125
1783269215200,62.1458153,6.0706356,4.474,1.0167758,0,9,ok,84,2002125
1783269217276,62.1458293,6.0706635,4.525,0.87434715,1,10,ok,84,2002125
1783269219329,62.1458386,6.0706889,4.531,0.8199578,0,10,ok,84,2002125
1783269221345,62.1458472,6.07072,4.479,0.8327672,0,10,ok,84,2002125
1783269223361,62.1458567,6.0707519,4.41,0.8604479,0,10,ok,84,2002125
1783269225374,62.1458666,6.0707751,4.445,0.8298257,0,10,ok,84,2002125
1783269227277,62.145869,6.0708091,4.379,0.8539202,0,10,ok,84,2002125
1783269229120,62.1458714,6.0708526,4.281,0.91458166,0,11,ok,84,2002125
1783269231307,62.1458778,6.0708608,4.201,0.55270225,0,11,ok,84,2002125
1783269233321,62.1458773,6.0708576,4.118,0.18481939,0,11,ok,84,2002125
1783269235340,62.1458739,6.0708681,3.845,0.20370236,0,11,ok,84,2002125
1783269237197,62.1458654,6.0709219,3.963,0.8297905,0,11,ok,84,2002125
1783269239256,62.1458634,6.0709696,4.1,0.96742445,0,11,ok,84,2002125
1783269241358,62.1458497,6.0710168,4.13,1.0950958,0,11,ok,84,2002125
1783269243289,62.1458402,6.0710614,4.099,1.1933843,0,11,ok,84,1999750
1783269245306,62.1458277,6.0711178,4.173,1.2237185,0,11,ok,84,1999750
1783269247252,62.1458165,6.0711802,4.252,1.2199512,0,11,ok,84,1999750
1783269249335,62.1458048,6.0712195,4.149,0.9802994,0,11,ok,84,1999750
1783269251352,62.1458108,6.0712559,3.981,1.0500834,0,11,ok,84,1999750
1783269253257,62.1458146,6.0712824,3.731,0.732378,0,11,ok,84,1999750
1783269255273,62.1458127,6.0713219,3.782,0.87514126,0,11,ok,84,1999750
1783269257290,62.1458212,6.0713441,3.831,0.77460617,0,11,ok,84,1999750
1783269259303,62.1458355,6.0713785,4.108,0.7714572,0,11,ok,84,1999750
1783269261323,62.1458502,6.0714028,4.249,0.8272668,0,11,ok,84,1999750
1783269263339,62.1458535,6.0714502,4.249,0.9420579,0,11,ok,84,1999750
1783269265166,62.1458522,6.0714856,4.209,0.83279145,0,11,ok,84,1999750
1783269267369,62.1458418,6.0715011,4.232,0.56822777,0,11,ok,84,1999750
1783269269273,62.1458315,6.0715162,4.156,0.55258596,0,11,ok,84,1999750
1783269271288,62.1458189,6.0715331,4.147,0.5931482,0,11,ok,84,1999750
1783269273103,62.1458062,6.0715385,4.11,0.53816766,0,11,ok,84,1997375
1783269275125,62.1457934,6.0715474,4.149,0.601213,0,11,ok,84,1997375
1783269277335,62.14577,6.0715627,4.05,0.8022577,2,13,ok,84,1997375
1783269279249,62.1457452,6.0715676,3.959,0.88936025,1,14,ok,84,1997375
1783269281366,62.1457265,6.071588,4.003,0.7919664,0,14,ok,84,1997375
1783269283268,62.145711,6.0715963,4.047,0.8616315,0,14,ok,84,1997375
1783269285086,62.1456932,6.0716032,4.172,0.8651304,0,14,ok,84,1997375
1783269286985,62.1456755,6.0716066,4.265,0.901549,0,14,ok,84,1997375
1783269288901,62.145659,6.071608,4.274,0.85333806,0,14,ok,84,1997375
1783269290740,62.1456417,6.0716084,4.298,0.79609555,0,14,ok,84,1997375
1783269293347,62.1456298,6.0716129,4.296,0.40132472,0,14,ok,84,1997375
1783269295249,62.1456158,6.0716447,3.817,0.3233429,0,14,ok,84,1997375
1783269297267,62.145591,6.0716813,3.22,0.6991186,0,14,ok,84,1997375
1783269299325,62.1455857,6.0717336,3.256,0.9033028,0,14,ok,84,1997375
1783269301248,62.1455928,6.0717821,3.508,0.9697895,0,14,ok,84,1997375
1783269303313,62.1455997,6.0718297,4.072,1.006925,0,14,ok,83,1995000
1783269305129,62.1456054,6.0718699,4.202,1.0177921,0,14,ok,83,1995000
1783269307122,62.1456062,6.071911,4.427,0.96344954,0,14,ok,83,1995000
1783269309238,62.1456103,6.0719468,4.605,0.80332017,0,14,ok,83,1995000
1783269311261,62.1456251,6.0719491,4.69,0.81693643,0,14,ok,83,1995000
1783269313318,62.1456259,6.0719319,4.672,0.22454385,0,14,ok,83,1995000
1783269315119,62.1456263,6.071955,4.477,0.42811695,1,15,ok,83,1995000
1783269317303,62.1456243,6.071997,4.405,0.84427226,0,15,ok,83,1995000
1783269319323,62.145626,6.0720321,4.491,0.83968365,0,15,ok,83,1995000
1783269321339,62.1456244,6.0720693,4.544,0.8580747,0,15,ok,83,1995000
1783269323355,62.1456277,6.0721081,4.537,0.843082,0,15,ok,83,1995000
1783269325372,62.1456369,6.07215,4.521,0.85302204,1,16,ok,83,1995000
1783269327277,62.1456343,6.0721761,4.503,0.8688406,0,16,ok,83,1995000
1783269329360,62.1456418,6.0722163,4.458,0.89718753,0,16,ok,83,1995000
1783269331360,62.1456515,6.0722603,4.483,0.84745544,0,16,ok,83,1995000
1783269333327,62.1456493,6.0722913,4.571,0.8957371,0,16,ok,83,1990250
1783269335345,62.1456599,6.0723318,4.628,0.85853434,0,16,ok,83,1990250
1783269337242,62.14567,6.0723633,4.517,0.8706102,0,16,ok,83,1990250
1783269339265,62.1456778,6.072404,4.504,0.908761,1,17,ok,83,1990250
1783269341365,62.1456874,6.0724318,4.404,0.80918866,0,17,ok,83,1990250
1783269343283,62.1456976,6.072442,4.408,0.5679783,0,17,ok,83,1990250
1783269345315,62.145705,6.0724671,4.283,0.58959824,0,17,ok,83,1990250
1783269347329,62.1457058,6.0724611,4.161,0.22424035,0,17,ok,83,1990250
1783269349345,62.1456995,6.0724632,4.169,0.07980161,0,17,ok,83,1990250
1783269351249,62.145698,6.0724644,4.128,0.017080957,0,17,ok,83,1990250
1783269353377,62.1456986,6.0724648,4.062,0.06771217,0,17,ok,83,1990250
1783269355281,62.1456972,6.0724664,3.858,0.025737826,0,17,ok,83,1990250
1783269357410,62.1456963,6.0724677,3.771,0.046218242,0,17,ok,83,1990250
1783269359315,62.1456955,6.07247,3.48,0.06148871,0,17,ok,83,1990250
1783269361332,62.1456944,6.0724721,3.181,0.06733383,0,17,ok,83,1990250
1783269363349,62.1456939,6.0724722,3.0,0.09185665,0,17,ok,83,1985500
1783269365366,62.1456945,6.0724735,3.0,0.07861799,0,17,ok,83,1985500
1783269367384,62.1456944,6.0724755,3.0,0.1272753,0,17,ok,83,1985500
1783269369288,62.1456996,6.0725088,3.0,0.5692697,0,17,ok,83,1985500
1783269371302,62.1457009,6.0725693,3.0,0.82567596,2,19,ok,83,1985500
1783269373317,62.1456957,6.0726342,3.0,0.88132375,0,19,ok,83,1985500
1783269375333,62.1456979,6.0726785,3.0,0.87656426,0,19,ok,83,1985500
1783269377349,62.1457029,6.072718,3.092,0.85711855,0,19,ok,83,1985500
1783269379365,62.1457036,6.072752,3.314,0.7886305,0,19,ok,83,1985500
1783269381269,62.1456975,6.0727861,3.81,0.7785425,0,19,ok,83,1985500
1783269383285,62.145687,6.0728262,4.106,0.8432628,1,20,ok,83,1985500
1783269385302,62.145684,6.0728597,4.26,0.84661996,1,21,ok,83,1985500
1783269387318,62.1456918,6.0728958,3.842,0.8725191,0,21,ok,83,1985500
1783269389333,62.1456974,6.0729447,3.36,0.8712689,0,21,ok,83,1985500
1783269391200,62.1457036,6.0729771,3.005,0.88058865,0,21,ok,83,1985500
1783269393320,62.1457082,6.0730157,3.0,0.85197324,0,21,ok,83,1983125
1783269395380,62.1457117,6.073041,3.0,0.66467094,0,21,ok,83,1983125
1783269397261,62.1457142,6.0730846,3.0,0.8506135,0,21,ok,83,1983125
1783269399295,62.1457145,6.0731137,3.041,0.57848054,0,21,ok,83,1983125
1783269401310,62.1457192,6.073121,3.162,0.35790813,0,21,ok,83,1983125
1783269403326,62.1457172,6.0731125,3.37,0.06439672,0,21,ok,83,1983125
1783269405365,62.1457135,6.0731074,3.317,0.11611035,0,21,ok,83,1983125
1783269407356,62.1457106,6.0731074,3.27,0.09160591,0,21,ok,83,1983125
1783269409342,62.1457133,6.0731344,3.449,0.48861858,0,21,ok,83,1983125
1783269411386,62.1457107,6.0731356,3.622,0.15574679,0,21,ok,83,1983125
1783269413289,62.1457067,6.0731307,3.668,0.06612877,0,21,ok,83,1983125
1783269415417,62.1457074,6.0731361,3.436,0.10993416,0,21,ok,83,1983125
1783269417431,62.1457047,6.0731368,3.487,0.10899032,0,21,ok,83,1983125
1783269419336,62.1457096,6.0731341,3.544,0.1899137,0,21,ok,83,1983125
1783269421351,62.1457103,6.073128,3.608,0.164354,0,21,ok,83,1983125
1783269423255,62.1457093,6.0731242,3.628,0.08706557,0,21,ok,83,1980750
1783269425270,62.145709,6.0731196,3.521,0.09265165,0,21,ok,83,1980750
1783269427286,62.1457144,6.0731214,3.501,0.09785175,0,21,ok,83,1980750
1783269429386,62.1457144,6.073099,3.969,0.5651439,0,21,ok,83,1980750
1783269431320,62.1457157,6.0730595,4.374,0.54888374,0,21,ok,83,1980750
1783269433337,62.145719,6.0730318,4.804,0.2672124,0,21,ok,83,1980750
1783269435352,62.1457166,6.0730291,4.536,0.055099577,0,21,ok,83,1980750
1783269437369,62.1457152,6.0730317,4.344,0.05060458,0,21,ok,83,1980750
1783269439385,62.1457164,6.0730298,3.968,0.09287772,0,21,ok,83,1980750
1783269441289,62.1457163,6.073028,3.815,0.091146834,0,21,ok,83,1980750
1783269443306,62.1457144,6.0730297,3.727,0.18966837,0,21,ok,83,1980750
1783269445322,62.1457171,6.0730333,3.794,0.065189,0,21,ok,83,1980750
1783269447337,62.145717,6.0730339,4.029,0.03676247,0,21,ok,83,1980750
1783269449352,62.1457142,6.0730369,4.007,0.06431668,0,21,ok,83,1980750
1783269451388,62.1457184,6.0730352,3.755,0.09714828,0,21,ok,83,1980750
1783269453201,62.1457178,6.0730262,3.707,0.18875231,0,21,ok,83,1976000
1783269455284,62.1457104,6.072983,3.909,0.9948492,1,22,ok,83,1976000
1783269457301,62.145716,6.0729078,4.165,1.0339153,1,23,ok,83,1976000
1783269459342,62.1457215,6.0728502,4.386,0.981633,0,23,ok,83,1976000
1783269461332,62.1457365,6.0728036,4.542,0.9072451,0,23,ok,83,1976000
1783269463287,62.1457344,6.0727752,4.633,0.8063122,0,23,ok,83,1976000
1783269465206,62.1457192,6.072741,4.828,0.8375708,0,23,ok,83,1976000
1783269467267,62.1457035,6.0727101,4.977,0.849456,0,23,ok,83,1976000
1783269469144,62.1456963,6.0726765,4.941,0.89088655,0,23,ok,83,1976000
1783269471141,62.1456914,6.0726315,4.818,0.9911579,0,23,ok,83,1976000
1783269473045,62.1456918,6.072587,4.89,0.9668336,0,23,ok,83,1976000
1783269475330,62.1456898,6.0725318,4.914,1.0011452,0,23,ok,83,1976000
1783269477247,62.1456882,6.0724887,4.941,0.880375,0,23,ok,83,1976000
1783269479259,62.1456843,6.0724581,4.902,0.79134995,0,23,ok,83,1976000
1783269481249,62.1456789,6.0724228,4.807,0.83935815,0,23,ok,83,1976000
1783269483281,62.1456711,6.0723852,4.618,0.8435404,0,23,ok,82,1973625
1783269485295,62.1456671,6.0723587,4.587,0.80064857,0,23,ok,82,1973625
1783269487310,62.145669,6.072313,4.584,0.974007,0,23,ok,82,1973625
1783269489326,62.145663,6.0722599,4.663,1.0262433,0,23,ok,82,1973625
1783269491304,62.1456644,6.0722169,4.76,1.0875043,0,23,ok,82,1973625
1783269493354,62.1456567,6.0721754,4.904,1.1444136,0,23,ok,82,1973625
1783269495257,62.1456532,6.0721334,4.911,1.1694016,0,23,ok,82,1973625
1783269497363,62.1456488,6.0720867,4.85,1.1559743,0,23,ok,82,1973625
1783269499288,62.1456387,6.0720701,4.764,0.9985594,0,23,ok,82,1973625
1783269501301,62.1456286,6.0720025,4.636,1.2506953,0,23,ok,82,1973625
1783269503319,62.1456233,6.0719512,4.474,1.32441,0,23,ok,82,1973625
1783269505331,62.1456172,6.0719086,4.444,1.2399577,0,23,ok,82,1973625
1783269507348,62.1456079,6.0718777,4.45,1.0993959,0,23,ok,82,1973625
1783269509325,62.1455966,6.0718499,4.481,1.1018791,0,23,ok,82,1973625
1783269511267,62.1455902,6.0718199,4.738,1.1522378,0,23,ok,82,1973625
1783269513366,62.1455649,6.0717976,4.981,1.2930048,0,23,ok,82,1973625
1783269515298,62.1455355,6.0717964,5.036,1.4051037,0,23,ok,82,1968875
1783269517313,62.1454988,6.0718186,4.876,1.3882842,0,23,ok,82,1968875
1783269519328,62.1454784,6.071825,4.676,1.1174362,0,23,ok,82,1968875
1783269521344,62.1454615,6.0718271,4.658,0.9425912,0,23,ok,82,1968875
1783269523358,62.1454525,6.071828,3.911,0.9079011,0,23,ok,82,1968875
1783269525281,62.1454349,6.071835,3.595,0.9199997,0,23,ok,82,1968875
1783269527201,62.1454162,6.0718445,3.471,1.0252095,0,23,ok,82,1968875
1783269529024,62.145393,6.0718513,3.937,1.0664899,0,23,ok,82,1968875
1783269531306,62.1453764,6.0718606,4.245,1.0350153,0,23,ok,82,1968875
1783269533324,62.1453579,6.0718754,4.42,1.0770313,0,23,ok,82,1968875
1783269535337,62.1453445,6.0718924,4.552,0.9366436,0,23,ok,82,1968875
1783269537352,62.1453454,6.0718773,4.203,0.27495995,0,23,ok,82,1968875
1783269539367,62.1453453,6.0718684,3.923,0.116259255,0,23,ok,82,1968875
1783269541306,62.1453359,6.0718673,3.454,0.48196414,0,23,ok,82,1968875
1783269543121,62.1453129,6.0718908,3.71,0.9708332,0,23,ok,82,1968875
1783269545001,62.1453016,6.0719134,4.009,0.89179265,0,23,ok,82,1966500
1783269546926,62.1452838,6.0719273,4.339,0.93927914,0,23,ok,82,1966500
1783269548860,62.1452623,6.0719466,4.325,0.96771884,0,23,ok,82,1966500
1783269551344,62.1452506,6.0719644,4.232,0.5433323,0,23,ok,82,1966500
1783269553358,62.1452518,6.0719644,4.01,0.13098952,0,23,ok,82,1966500
1783269555260,62.1452484,6.071969,3.81,0.15007658,0,23,ok,82,1966500
1783269557142,62.1452303,6.0719684,3.363,0.55253106,0,23,ok,82,1966500
1783269559289,62.1452124,6.0719897,3.21,0.8744128,0,23,ok,82,1966500
1783269561304,62.1451959,6.0720109,3.367,0.9007113,0,23,ok,82,1966500
1783269563319,62.1451774,6.0720333,3.739,0.9929658,0,23,ok,82,1966500
1783269565333,62.1451643,6.0720561,4.018,0.9984794,0,23,ok,82,1966500
1783269567348,62.1451451,6.0720766,4.245,1.0326962,0,23,ok,82,1966500
1783269569363,62.1451301,6.0721001,4.367,0.97969943,0,23,ok,82,1966500
1783269571378,62.145116,6.0721187,4.445,0.9446585,0,23,ok,82,1966500
1783269573380,62.145104,6.0721503,4.525,0.9116631,0,23,ok,82,1966500
1783269575363,62.1450907,6.0721641,4.54,0.8564938,0,23,ok,82,1964125
1783269577242,62.1450716,6.0721584,4.539,0.89614487,0,23,ok,82,1964125
1783269579262,62.1450556,6.0721513,4.601,0.8870932,0,23,ok,82,1964125
1783269581086,62.1450384,6.0721436,4.669,0.92838275,0,23,ok,82,1964125
1783269583100,62.14502,6.0721496,4.639,0.9126535,1,24,ok,82,1964125
1783269585121,62.1450089,6.0721336,4.196,0.8306791,0,24,ok,82,1964125
1783269587381,62.1449922,6.0721386,3.529,0.82999235,0,24,ok,82,1964125
1783269589396,62.1449741,6.0721531,3.059,0.72190475,0,24,ok,82,1964125
1783269591299,62.1449794,6.0721565,3.027,0.20964575,0,24,ok,82,1964125
1783269593315,62.1449794,6.0721557,3.137,0.20053351,0,24,ok,82,1964125
1783269595328,62.1449599,6.0721751,3.263,0.76275635,0,24,ok,82,1964125
1783269597343,62.1449433,6.0721807,3.482,0.81649715,0,24,ok,82,1964125
1783269599357,62.144928,6.0721824,3.93,0.84523827,0,24,ok,82,1964125
1783269601246,62.1449149,6.0721797,4.189,0.83941364,0,24,ok,82,1964125
1783269603047,62.1449122,6.0721938,4.263,0.41552418,0,24,ok,82,1964125
1783269605324,62.1448901,6.0722382,4.499,0.91219205,0,24,ok,82,1961750
1783269607302,62.1448849,6.0722622,4.947,0.743597,0,24,ok,82,1961750
1783269609303,62.1448685,6.0722801,5.281,0.8966837,0,24,ok,82,1961750
1783269611242,62.1448545,6.0722988,5.336,0.77588797,0,24,ok,82,1961750
1783269613342,62.1448439,6.0723132,5.255,0.58723265,0,24,ok,82,1961750
1783269615357,62.1448358,6.0723298,4.93,0.59796554,0,24,ok,82,1961750
1783269617258,62.1448202,6.0723559,4.509,0.6769235,0,24,ok,82,1961750
1783269619141,62.1448176,6.0723814,4.374,0.72634786,0,24,ok,82,1961750
1783269621289,62.144815,6.0724195,4.394,0.80362403,0,24,ok,82,1961750
1783269623395,62.144812,6.0724678,4.422,0.92829925,0,24,ok,82,1961750
1783269625317,62.1448157,6.0725035,4.503,0.8587846,0,24,ok,82,1961750
1783269627331,62.1448217,6.0725604,4.628,1.158004,0,24,ok,82,1961750
1783269629346,62.1448335,6.0726351,4.773,1.3905424,0,24,ok,82,1961750
1783269631249,62.1448505,6.0726844,4.882,1.2609073,0,24,ok,82,1961750
1783269633162,62.1448636,6.0727273,4.95,1.1977879,0,24,ok,82,1961750
1783269635278,62.1448762,6.0727481,4.932,0.9235394,0,24,ok,82,1959375
1783269637293,62.144885,6.0727619,4.792,0.70484924,0,24,ok,82,1959375
1783269639304,62.1448775,6.0727937,3.987,0.67010957,0,24,ok,82,1959375
1783269641323,62.144877,6.0728291,3.339,0.79691374,0,24,ok,82,1959375
1783269643204,62.1448797,6.0728641,3.009,0.7650046,0,24,ok,82,1959375
1783269645347,62.1448844,6.0728988,3.008,0.7763516,0,24,ok,82,1959375
1783269647254,62.1448902,6.0729349,3.0,0.8290859,0,24,ok,82,1959375
1783269649103,62.1448978,6.0729637,3.0,0.83543855,0,24,ok,82,1959375
1783269651181,62.1449044,6.0729951,3.0,0.78442544,0,24,ok,82,1959375
1783269653299,62.1449103,6.0730289,3.079,0.6846027,0,24,ok,82,1959375
1783269655099,62.1449148,6.073039,3.172,0.5120172,0,24,ok,82,1959375
1783269657283,62.1449199,6.0730751,3.463,0.72749853,0,24,ok,82,1959375
1783269659343,62.144921,6.0731067,3.735,0.7513167,0,24,ok,82,1959375
1783269661249,62.1449248,6.0731414,3.936,0.9000137,0,24,ok,82,1959375
1783269663373,62.144937,6.0731904,4.156,0.9417176,1,25,ok,82,1959375
1783269665388,62.1449386,6.0732264,4.331,0.88823295,0,25,ok,82,1957000
1783269667293,62.1449422,6.0732657,4.565,0.8460001,0,25,ok,82,1957000
1783269669121,62.1449503,6.0733029,4.47,0.75774306,0,25,ok,82,1957000
1783269670982,62.1449537,6.073331,4.448,0.7985113,0,25,ok,82,1957000
1783269672845,62.1449584,6.0733761,4.543,1.0136544,0,25,ok,82,1957000
1783269674781,62.1449746,6.073419,4.635,0.87018204,0,25,ok,82,1957000
1783269677088,62.1449824,6.0734352,4.617,0.7299889,0,25,ok,82,1957000
1783269679286,62.1449975,6.0734526,4.464,0.83246744,0,25,ok,82,1957000
1783269681381,62.1450085,6.0734943,4.343,0.8158003,0,25,ok,82,1957000
1783269683380,62.1450184,6.0735207,4.431,0.90185344,0,25,ok,82,1957000
1783269685321,62.1450251,6.0735476,4.541,0.98877007,0,25,ok,82,1957000
1783269687337,62.1450321,6.0735997,4.737,0.91388565,1,26,ok,82,1957000
1783269689300,62.1450314,6.0736348,4.851,0.91283745,0,26,ok,82,1957000
1783269691370,62.1450282,6.073666,5.094,0.68244326,0,26,ok,82,1957000
1783269693275,62.1450277,6.0736971,5.179,0.71150273,0,26,ok,82,1957000
1783269695290,62.1450305,6.0737459,4.924,0.6981407,0,26,ok,82,1954625
1783269697306,62.1450351,6.0737775,4.608,0.7004759,0,26,ok,82,1954625
1783269699222,62.145041,6.0738071,4.545,0.72342116,0,26,ok,82,1954625
1783269701251,62.1450478,6.0738481,4.467,0.75211376,0,26,ok,82,1954625
1783269703249,62.1450486,6.0738829,4.334,0.8660289,0,26,ok,82,1954625
1783269705195,62.1450513,6.0739066,4.304,0.8346815,0,26,ok,82,1954625
1783269707387,62.1450598,6.0739463,4.345,0.7643413,0,26,ok,82,1954625
1783269709286,62.1450601,6.073984,4.507,0.85088736,0,26,ok,82,1954625
1783269711300,62.1450614,6.0740174,4.613,0.8518367,0,26,ok,82,1954625
1783269713315,62.1450706,6.0740532,4.564,0.8292592,0,26,ok,82,1954625
1783269715284,62.1450716,6.0740584,4.429,0.53953964,0,26,ok,82,1954625
1783269717344,62.1450792,6.0740679,4.332,0.37178448,0,26,ok,82,1954625
1783269719359,62.145075,6.074071,4.125,0.13492437,0,26,ok,82,1954625
1783269721266,62.1450734,6.0740748,3.996,0.09581799,0,26,ok,82,1954625
1783269723160,62.1450718,6.0740786,3.761,0.16511935,0,26,ok,82,1954625
1783269725293,62.145074,6.0740833,3.782,0.24917226,0,26,ok,82,1952250
1783269727309,62.1450816,6.0741104,4.214,0.63261086,0,26,ok,82,1952250
1783269729183,62.1450881,6.0741408,4.606,0.7608365,0,26,ok,82,1952250
1783269731338,62.1450914,6.0741843,5.27,0.8658333,0,26,ok,82,1952250
1783269733266,62.1450974,6.0742298,5.344,0.8490781,0,26,ok,82,1952250
1783269735186,62.1450993,6.0742604,5.258,0.8067626,0,26,ok,82,1952250
1783269737271,62.1451066,6.074299,5.075,0.998824,0,26,ok,82,1952250
1783269739264,62.1451124,6.0743438,4.684,0.9904548,0,26,ok,82,1952250
1783269741301,62.1451181,6.0743834,4.52,0.97315735,0,26,ok,82,1952250
1783269743316,62.1451193,6.074421,4.579,0.9963252,0,26,ok,82,1952250
1783269745330,62.1451345,6.0744509,4.552,1.035037,1,27,ok,82,1952250
1783269747340,62.1451422,6.0744872,4.576,0.9215603,0,27,ok,82,1952250
1783269749179,62.1451486,6.074528,4.617,0.96186537,0,27,ok,82,1952250
1783269751324,62.1451539,6.0745543,4.578,0.6075608,0,27,ok,82,1952250
1783269753282,62.1451603,6.0745908,4.385,0.6078319,0,27,ok,82,1952250
1783269755408,62.1451654,6.0746197,4.21,0.63283014,0,27,ok,81,1947500
1783269757386,62.1451719,6.0746531,4.202,0.6563811,0,27,ok,81,1947500
1783269759326,62.1451766,6.074689,4.395,0.7950394,0,27,ok,81,1947500
1783269761342,62.1451766,6.0747247,4.536,0.63069636,0,27,ok,81,1947500
1783269763361,62.1451776,6.0747695,4.677,0.8197498,1,28,ok,81,1947500
1783269765400,62.1451859,6.0748005,4.687,0.79172915,0,28,ok,81,1947500
1783269767277,62.1451932,6.0748336,4.657,0.78721476,0,28,ok,81,1947500
1783269769293,62.145199,6.0748641,4.627,0.854945,0,28,ok,81,1947500
1783269771145,62.145201,6.074897,4.59,0.87582916,0,28,ok,81,1947500
1783269773102,62.1452066,6.0749303,4.649,1.0677369,0,28,ok,81,1947500
1783269774962,62.145216,6.0749593,4.527,0.8360863,0,28,ok,81,1947500
1783269777402,62.1452265,6.0749911,4.451,0.8001807,0,28,ok,81,1947500
1783269779375,62.1452319,6.0750222,4.607,0.85312295,0,28,ok,81,1947500
1783269781280,62.1452311,6.0750574,4.55,0.82096726,0,28,ok,81,1947500
1783269783292,62.145233,6.0750839,4.503,0.8340594,0,28,ok,81,1947500
1783269785166,62.1452389,6.0751173,4.433,0.8519349,0,28,ok,81,1947500
1783269787323,62.1452428,6.0751467,4.502,0.7570943,0,28,ok,81,1945125
1783269789338,62.1452457,6.0751722,4.523,0.66220415,0,28,ok,81,1945125
1783269791354,62.1452475,6.0751907,4.426,0.49268264,0,28,ok,81,1945125
1783269793257,62.1452491,6.0752197,4.363,0.7140847,0,28,ok,81,1945125
1783269795163,62.1452526,6.0752478,4.385,0.666985,0,28,ok,81,1945125
1783269797288,62.145259,6.0752769,4.368,0.6768117,0,28,ok,81,1945125
1783269799302,62.1452678,6.0753017,4.302,0.6900034,0,28,ok,81,1945125
1783269801386,62.1452773,6.0753324,4.275,0.6783743,0,28,ok,81,1945125
1783269803333,62.1452814,6.0753632,4.37,0.826943,0,28,ok,81,1945125
1783269805261,62.1452877,6.0753961,4.378,0.87047833,0,28,ok,81,1945125
1783269807363,62.1452975,6.0754262,4.38,0.6812976,0,28,ok,81,1945125
1783269809377,62.1453038,6.0754292,4.247,0.33682632,0,29,ok,81,1945125
1783269811279,62.1453053,6.0754252,4.038,0.08875816,0,29,ok,81,1945125
1783269813294,62.1453047,6.0754241,3.728,0.07251544,0,29,ok,81,1945125
1783269815309,62.1453055,6.0754229,3.558,0.02039188,0,29,ok,81,1945125
1783269817323,62.145306,6.0754239,3.575,0.017905945,0,29,ok,81,1942750
1783269819336,62.1453055,6.0754231,3.536,0.024423473,0,29,ok,81,1942750
1783269821351,62.1453069,6.0754224,3.4,0.05178701,0,29,ok,81,1942750
1783269823364,62.1453075,6.0754283,3.436,0.11595384,0,29,ok,81,1942750
1783269825268,62.145308,6.0754368,3.451,0.11106741,0,29,ok,81,1942750
1783269827306,62.1453079,6.0754423,3.447,0.14102486,0,29,ok,81,1942750
1783269829297,62.1453149,6.0754624,3.501,0.38149345,0,29,ok,81,1942750
1783269831162,62.1453247,6.0754813,3.585,0.4638233,0,29,ok,81,1942750
1783269833326,62.1453242,6.075503,3.769,0.38128042,0,29,ok,81,1942750
1783269835184,62.1453208,6.0755117,3.912,0.25731328,0,29,ok,81,1942750
1783269837356,62.1453253,6.0755628,4.117,0.60460615,0,29,ok,81,1942750
1783269839327,62.1453281,6.0756144,4.162,0.7124022,0,29,ok,81,1942750
1783269841273,62.145341,6.0756506,4.294,0.8961367,0,29,ok,81,1942750
1783269843287,62.1453363,6.0756881,4.312,0.7527003,0,29,ok,81,1942750
1783269845303,62.1453382,6.0757407,4.302,0.75939053,0,29,ok,81,1942750
1783269847263,62.1453418,6.0757599,4.421,0.5410532,0,29,ok,81,1940375
1783269849063,62.1453442,6.0757855,4.768,0.62477344,0,29,ok,81,1940375
1783269851347,62.1453436,6.0757781,4.621,0.17246234,0,29,ok,81,1940375
1783269853361,62.1453453,6.0757751,4.459,0.10435983,0,29,ok,81,1940375
1783269855264,62.1453475,6.0757881,4.183,0.19714183,0,29,ok,81,1940375
1783269857390,62.1453596,6.0758287,4.014,0.55453765,0,29,ok,81,1940375
1783269859292,62.1453529,6.0758316,3.879,0.25494725,0,29,ok,81,1940375
1783269861308,62.145349,6.0758321,3.709,0.16285107,0,29,ok,81,1940375
1783269863211,62.1453484,6.0758361,3.677,0.17780896,0,29,ok,81,1940375
1783269865338,62.1453503,6.0758559,3.753,0.2557089,0,29,ok,81,1940375
1783269867351,62.1453502,6.0758568,3.756,0.1333416,0,29,ok,81,1940375
1783269869366,62.1453475,6.0758711,3.704,0.27668625,0,29,ok,81,1940375
1783269871248,62.1453491,6.0758971,3.856,0.5356983,0,29,ok,81,1940375
1783269873283,62.1453524,6.0759244,4.267,0.5158579,0,29,ok,81,1940375
1783269875341,62.1453574,6.0759656,4.5,0.6333581,0,29,ok,81,1940375
1783269877312,62.1453588,6.075977,4.522,0.3362999,0,29,ok,81,1935625
1783269879304,62.1453659,6.0760181,4.607,0.6058341,0,29,ok,81,1935625
1783269881340,62.1453756,6.076047,4.797,0.5596769,0,29,ok,81,1935625
1783269883364,62.1453883,6.0760714,4.671,0.6311707,0,29,ok,81,1935625
1783269885258,62.1453983,6.0760955,4.439,0.7372011,0,29,ok,81,1935625
1783269887247,62.1454101,6.0761193,4.102,0.761668,0,29,ok,81,1935625
1783269889288,62.1454168,6.0761516,4.075,0.7892165,0,29,ok,81,1935625
1783269891251,62.1454255,6.0761956,4.06,0.8189212,1,30,ok,81,1935625
1783269893317,62.1454286,6.0762241,4.192,0.7618111,0,30,ok,81,1935625
1783269895332,62.1454336,6.0762499,4.25,0.7891759,0,30,ok,81,1935625
1783269897346,62.1454376,6.0762859,4.312,0.84012395,0,30,ok,81,1935625
1783269899360,62.1454363,6.0763153,4.34,0.73625207,0,30,ok,81,1935625
1783269901263,62.1454345,6.0763454,4.308,0.6989828,0,30,ok,81,1935625
1783269903160,62.1454349,6.0763879,4.294,0.712328,1,31,ok,81,1935625
1783269905292,62.1454387,6.0764048,4.305,0.65152574,0,31,ok,81,1935625
1783269907308,62.145439,6.0764096,4.257,0.48097417,0,31,ok,81,1933250
1783269909324,62.1454349,6.0764144,4.082,0.4241624,0,31,ok,81,1933250
1783269911254,62.1454377,6.0764518,3.978,0.58410966,0,31,ok,81,1933250
1783269913353,62.1454357,6.0764662,3.942,0.5097132,0,31,ok,81,1933250
1783269915255,62.1454317,6.0764771,3.914,0.4757483,0,31,ok,81,1933250
1783269917200,62.1454242,6.0765085,3.893,0.43786222,0,31,ok,81,1933250
1783269919395,62.1454273,6.076515,4.101,0.24857102,0,31,ok,81,1933250
1783269921324,62.145431,6.0765479,4.222,0.5538196,0,31,ok,81,1933250
1783269923141,62.1454393,6.0765943,4.265,0.65021205,1,32,ok,81,1933250
1783269924979,62.1454429,6.0765998,4.282,0.37020865,0,32,ok,81,1933250
1783269927343,62.1454459,6.0766079,4.243,0.3790166,0,32,ok,81,1933250
1783269929359,62.1454514,6.0766492,4.2,0.50598407,0,32,ok,81,1933250
1783269931360,62.1454561,6.0766658,4.191,0.4141266,0,32,ok,81,1933250
1783269933284,62.1454594,6.0766752,4.303,0.35044944,0,32,ok,81,1933250
1783269935088,62.1454663,6.0767018,4.216,0.49198097,0,32,ok,81,1933250
1783269937283,62.1454779,6.0767564,4.259,0.7234654,0,32,ok,81,1930875
1783269939322,62.1454821,6.0767737,4.402,0.5615458,0,32,ok,81,1930875
1783269941334,62.1454837,6.0767763,4.357,0.38251913,0,32,ok,81,1930875
1783269943350,62.1454825,6.076769,4.145,0.17549714,0,32,ok,81,1930875
1783269945363,62.1454871,6.0768012,4.146,0.3593188,0,32,ok,81,1930875
1783269947266,62.1454908,6.0768128,4.052,0.29973215,0,32,ok,81,1930875
1783269949364,62.1454956,6.0768559,4.105,0.7974724,0,32,ok,81,1930875
1783269951295,62.1455031,6.0768954,4.348,0.8082499,0,32,ok,81,1930875
1783269953307,62.1455075,6.0769287,4.48,0.73784727,0,32,ok,81,1930875
1783269955322,62.1455114,6.0769738,4.376,0.8788162,0,32,ok,81,1930875
1783269957335,62.1455142,6.0769992,4.32,0.74302435,0,32,ok,81,1930875
1783269959350,62.145517,6.0770034,4.341,0.5337873,0,32,ok,81,1930875
1783269961362,62.1455244,6.0770459,4.399,0.8168211,0,32,ok,81,1930875
1783269963376,62.1455261,6.0770761,4.351,0.81236506,0,32,ok,81,1930875
1783269965278,62.145527,6.0771063,4.247,0.81929076,0,32,ok,81,1930875
1783269967291,62.1455289,6.077138,4.127,0.61893535,0,32,ok,81,1928500
1783269969164,62.1455317,6.0771606,4.027,0.6704668,0,32,ok,81,1928500
1783269971321,62.1455385,6.0771916,3.938,0.70162714,0,32,ok,81,1928500
1783269973334,62.1455451,6.0772231,3.973,0.7273402,0,32,ok,81,1928500
1783269975350,62.1455473,6.0772527,4.013,0.7847976,0,32,ok,81,1928500
1783269977364,62.1455538,6.0772864,4.121,0.76040363,0,32,ok,81,1928500
1783269979265,62.1455609,6.0773161,4.227,0.898735,0,32,ok,81,1928500
1783269981083,62.1455595,6.0773326,4.291,0.7675579,0,32,ok,81,1928500
1783269983293,62.1455577,6.0773349,4.464,0.32721487,0,32,ok,81,1928500
1783269985342,62.1455605,6.0773724,4.549,0.6925883,0,32,ok,81,1928500
1783269987322,62.1455599,6.0773952,4.544,0.7296599,1,33,ok,81,1928500
1783269989336,62.1455634,6.0774295,4.594,0.70777583,0,33,ok,81,1928500
1783269991352,62.1455659,6.0774338,4.581,0.42461032,0,33,ok,81,1928500
1783269993366,62.145567,6.0774308,4.5,0.24901065,0,33,ok,81,1928500
1783269995267,62.1455676,6.0774248,4.38,0.16733645,0,33,ok,81,1928500
1783269997281,62.1455742,6.0774538,4.194,0.428315,0,33,ok,80,1923750
1783269999143,62.1455792,6.0774642,4.045,0.28203005,0,33,ok,80,1923750
1783270001308,62.145583,6.0774703,4.196,0.3130491,0,33,ok,80,1923750
1783270003322,62.1455927,6.0774887,4.091,0.3735979,0,33,ok,80,1923750
1783270005180,62.1455905,6.0774863,3.897,0.19121258,0,33,ok,80,1923750
1783270007352,62.1455928,6.0774946,3.926,0.23999946,0,33,ok,80,1923750
1783270009360,62.1455981,6.0775374,4.013,0.6005305,4,37,ok,80,1923750
1783270011166,62.1456021,6.0775652,4.205,0.64129996,0,37,ok,80,1923750
1783270013283,62.1456071,6.0775823,4.342,0.56921,0,37,ok,80,1923750
1783270015296,62.1456119,6.0776081,4.33,0.65490824,0,37,ok,80,1923750
1783270017323,62.1456145,6.0776215,4.344,0.580502,0,37,ok,80,1923750
1783270019325,62.1456207,6.0776375,4.414,0.53853685,0,37,ok,80,1923750
1783270021382,62.1456254,6.0776679,4.422,0.6209012,0,37,ok,80,1923750
1783270023325,62.1456297,6.0776987,4.401,0.6933721,0,37,ok,80,1923750
1783270025367,62.1456359,6.0777176,4.377,0.5946181,0,37,ok,80,1923750
1783270027380,62.1456318,6.0777168,4.383,0.1612458,0,37,ok,80,1921375
1783270029282,62.145637,6.0777187,4.271,0.14875072,0,37,ok,80,1921375
1783270031295,62.1456374,6.0777173,4.235,0.033155266,0,37,ok,80,1921375
1783270033308,62.1456401,6.0777188,4.034,0.08060098,0,37,ok,80,1921375
1783270035321,62.1456431,6.077725,3.805,0.055770524,0,37,ok,80,1921375
1783270037334,62.1456411,6.0777156,3.662,0.11323134,0,37,ok,80,1921375
1783270039347,62.1456493,6.0777146,3.644,0.17393428,0,37,ok,80,1921375
1783270041249,62.1456546,6.0777099,3.575,0.07804908,0,37,ok,80,1921375
1783270043262,62.1456527,6.0777054,3.578,0.075154334,0,37,ok,80,1921375
1783270045275,62.1456543,6.0777048,3.559,0.08142767,0,37,ok,80,1921375
1783270047290,62.1456564,6.0777018,3.657,0.13879555,0,37,ok,80,1921375
1783270049305,62.1456813,6.0776618,4.0,0.86053526,2,39,ok,80,1921375
1783270051318,62.145707,6.0776553,4.366,1.0389166,0,39,ok,80,1921375
1783270053166,62.1457194,6.0776285,4.521,1.0033438,0,39,ok,80,1921375
1783270055141,62.1457263,6.0775873,4.547,0.8722802,0,39,ok,80,1921375
1783270057241,62.1457295,6.0775658,4.434,0.7067798,0,39,ok,80,1919000
1783270059261,62.1457442,6.0775622,4.342,0.5980777,0,39,ok,80,1919000
1783270061325,62.145747,6.0775367,4.464,0.56813794,0,39,ok,80,1919000
1783270063340,62.1457588,6.0775227,4.535,0.7138337,0,39,ok,80,1919000
1783270065304,62.1457703,6.0775103,4.348,0.665506,0,39,ok,80,1919000
1783270067318,62.1457804,6.0774986,4.122,0.70017886,0,39,ok,80,1919000
1783270069118,62.1457966,6.0774788,4.023,0.75984734,0,39,ok,80,1919000
1783270071147,62.145814,6.0774598,4.053,0.85096985,0,39,ok,80,1919000
1783270073180,62.1458322,6.0774464,4.204,0.83409667,0,39,ok,80,1919000
1783270075364,62.1458483,6.0774354,4.316,0.76545453,0,39,ok,80,1919000
1783270077279,62.1458624,6.0774237,4.484,0.72554654,0,39,ok,80,1919000
1783270079293,62.145868,6.0774212,4.442,0.5727807,0,39,ok,80,1919000
1783270081308,62.1458806,6.0773943,4.369,0.6045467,0,39,ok,80,1919000
1783270083379,62.1458919,6.0773785,4.433,0.65662533,0,39,ok,80,1919000
1783270085337,62.1459054,6.0773721,4.413,0.65499556,0,39,ok,80,1919000
1783270087352,62.1459197,6.0773429,4.288,0.6741319,0,39,ok,80,1916625
1783270089365,62.1459343,6.0773148,4.239,0.8413078,0,39,ok,80,1916625
1783270091270,62.1459451,6.0772994,4.359,0.81233495,0,39,ok,80,1916625
1783270093283,62.1459606,6.0772664,4.517,0.8393692,0,39,ok,80,1916625
1783270095087,62.1459664,6.0772526,4.559,0.80603814,0,39,ok,80,1916625
1783270097243,62.1459748,6.0772352,4.55,0.73359615,0,39,ok,80,1916625
1783270099362,62.1459828,6.0772175,4.542,0.7774134,0,39,ok,80,1916625
1783270101342,62.1459902,6.0771851,4.474,0.7820229,0,39,ok,80,1916625
1783270103356,62.146001,6.0771603,4.462,0.8527595,0,39,ok,80,1916625
1783270105204,62.1460054,6.0771448,4.551,0.7262775,0,39,ok,80,1916625
1783270107004,62.1460095,6.077125,4.583,0.7361339,0,39,ok,80,1916625
1783270109345,62.1460234,6.0771119,4.629,0.7179916,0,39,ok,80,1916625
1783270111300,62.1460311,6.0771104,4.596,0.56532824,0,39,ok,80,1916625
1783270113314,62.1460451,6.0770756,4.663,0.8517938,1,40,ok,80,1916625
1783270115328,62.1460543,6.0770474,4.819,0.8542145,0,40,ok,80,1916625
1783270117342,62.1460664,6.0770163,4.988,0.8797405,0,40,ok,80,1911875
1783270119357,62.1460704,6.076964,5.031,0.83912337,0,40,ok,80,1911875
1783270121371,62.1460751,6.076931,5.083,0.928594,0,40,ok,80,1911875
1783270123272,62.1460822,6.0768995,5.008,0.93943113,0,40,ok,80,1911875
1783270125286,62.1460893,6.0768509,4.8,1.0041139,0,40,ok,80,1911875
1783270127302,62.1460917,6.0768251,4.657,0.94524497,0,40,ok,80,1911875
1783270129316,62.1460995,6.0767954,4.549,0.9859292,0,40,ok,80,1911875
1783270131218,62.1461038,6.0767934,4.574,0.833597,0,40,ok,80,1911875
1783270133343,62.1461157,6.076772,4.67,0.5152477,0,40,ok,80,1911875
1783270135355,62.1461345,6.076763,4.609,0.8311971,1,41,ok,80,1911875
1783270137370,62.1461579,6.0767647,4.697,1.0141581,0,41,ok,80,1911875
1783270139249,62.1461729,6.0767688,4.786,0.9579912,0,41,ok,80,1911875
1783270141286,62.1461934,6.0767781,4.78,0.9555082,0,41,ok,80,1911875
1783270143104,62.1462056,6.0767734,4.584,0.8988029,0,41,ok,80,1911875
1783270145381,62.1462246,6.076778,4.534,0.8560374,0,41,ok,80,1911875
1783270147327,62.1462402,6.0767786,4.581,0.8587323,0,41,ok,80,1911875
1783270149342,62.1462528,6.076777,4.553,0.67792094,0,41,ok,80,1909500
1783270151366,62.1462636,6.0767722,4.505,0.71588665,0,41,ok,80,1909500
1783270153258,62.1462773,6.0767803,4.401,0.863016,0,41,ok,80,1909500
1783270155271,62.1462931,6.076784,4.249,0.92193514,0,41,ok,80,1909500
1783270157285,62.1462999,6.0767861,4.257,0.8266141,0,41,ok,80,1909500
1783270159086,62.1463137,6.0767908,4.353,0.8012826,0,41,ok,80,1909500
1783270161314,62.1463302,6.0767892,4.552,0.6722472,0,41,ok,80,1909500
1783270163161,62.1463436,6.0767839,4.541,0.7422137,0,41,ok,80,1909500
1783270165342,62.1463615,6.0767903,4.61,0.7205326,1,42,ok,80,1909500
1783270167358,62.1463787,6.0767977,4.521,0.71313787,0,42,ok,80,1909500
1783270169260,62.1463949,6.076795,4.404,0.67681736,0,42,ok,80,1909500
1783270171275,62.1464079,6.0768,4.405,0.695629,0,42,ok,80,1909500
1783270173284,62.1464233,6.0767989,4.466,0.63647723,1,43,ok,80,1909500
1783270175305,62.1464372,6.0768099,4.421,0.7365773,0,43,ok,80,1909500
1783270177106,62.1464471,6.076818,4.3,0.71755505,0,43,ok,80,1909500
1783270179335,62.1464618,6.0768399,4.217,0.8020437,0,43,ok,80,1909500
1783270181200,62.1464709,6.0768644,4.246,0.72670496,0,43,ok,80,1909500
1783270183364,62.1464801,6.0768886,4.401,0.74511635,0,43,ok,80,1909500
1783270185378,62.1464782,6.0768876,4.33,0.2228984,0,43,ok,80,1909500
1783270187279,62.1464812,6.0768828,4.175,0.2003891,0,43,ok,80,1909500
1783270189081,62.14648,6.0768688,3.774,0.19388877,0,43,ok,80,1909500
1783270191308,62.1464791,6.0768518,3.731,0.25067353,0,43,ok,80,1909500
1783270193126,62.1464755,6.0768363,3.691,0.2911161,0,43,ok,80,1909500
1783270195250,62.1464637,6.0767845,4.001,0.6775721,1,44,ok,80,1909500
1783270197186,62.1464601,6.0767784,4.237,0.4924101,0,44,ok,80,1909500
1783270199251,62.1464508,6.0767678,4.478,0.5571587,0,44,ok,80,1909500
1783270201266,62.1464447,6.0767664,4.43,0.43380272,0,44,ok,80,1909500
1783270203162,62.1464421,6.076781,4.396,0.27540034,0,44,ok,80,1909500
1783270205240,62.146429,6.0767827,4.42,0.52914566,0,44,ok,80,1909500
1783270207241,62.1464149,6.0767926,4.371,0.340446,0,44,ok,80,1909500
1783270209384,62.1464157,6.0768004,4.274,0.11813928,0,44,ok,80,1907125
1783270211261,62.146409,6.0768039,4.092,0.1131726,0,44,ok,80,1907125
1783270213131,62.1464001,6.0768059,3.748,0.12454677,0,44,ok,80,1907125
1783270215043,62.1463827,6.0768002,3.446,0.17088191,0,44,ok,80,1907125
1783270217042,62.1463626,6.0767999,3.49,0.6636748,0,44,ok,80,1907125
1783270219184,62.1463374,6.0768052,4.059,0.82346714,0,44,ok,80,1907125
1783270221244,62.1463064,6.0767987,4.616,0.9431411,0,44,ok,80,1907125
1783270223311,62.1462903,6.0767997,4.841,0.63965183,0,44,ok,80,1907125
1783270225325,62.1462788,6.0768001,4.771,0.55384547,0,44,ok,80,1907125
1783270227339,62.1462549,6.0767907,4.474,0.60449684,0,44,ok,80,1907125
1783270229353,62.146243,6.0767892,4.517,0.71291417,0,44,ok,80,1907125
1783270231306,62.1462193,6.0767864,4.736,0.99135673,0,44,ok,80,1907125
1783270233185,62.1461974,6.0767848,4.879,0.9446621,0,44,ok,80,1907125
1783270235199,62.146176,6.0767863,5.009,1.0577188,0,44,ok,80,1907125
1783270237181,62.1461546,6.076794,4.98,1.0309463,0,44,ok,80,1907125
1783270239109,62.146126,6.0767973,4.923,1.0668584,0,44,ok,80,1902375
1783270240919,62.1461094,6.0768104,4.695,1.1159697,0,44,ok,80,1902375
1783270242727,62.1460936,6.0768155,4.592,1.1084758,0,44,ok,80,1902375
1783270244620,62.1460854,6.0768267,4.631,0.84490454,0,44,ok,80,1902375
1783270246985,62.1460739,6.0768357,4.68,0.76190466,0,44,ok,80,1902375
1783270249048,62.1460729,6.0767961,4.473,0.6508171,0,44,ok,80,1902375
1783270250972,62.1460801,6.0767616,4.313,0.5118521,0,44,ok,80,1902375
1783270253041,62.146089,6.0767134,4.127,0.6411376,0,44,ok,80,1902375
1783270254979,62.1460929,6.0766716,4.104,0.80232364,0,44,ok,80,1902375
1783270257318,62.1460994,6.076614,4.171,1.06274,0,44,ok,80,1902375
1783270259121,62.1461058,6.0765757,4.228,1.0090463,0,44,ok,80,1902375
1783270261021,62.1461084,6.0765408,4.336,0.9617105,0,44,ok,80,1902375
1783270263249,62.1461208,6.0764981,4.455,1.0530508,0,44,ok,80,1902375
1783270265365,62.1461291,6.076452,4.493,1.1126581,0,44,ok,80,1902375
1783270267273,62.1461341,6.0764231,4.467,1.0652822,0,44,ok,80,1902375
1783270269362,62.1461405,6.0763826,4.526,1.0309446,0,44,ok,79,1900000
1783270271301,62.1461315,6.0763516,4.628,0.83008415,0,44,ok,79,1900000
1783270273126,62.1461335,6.076334,4.622,0.7521799,0,44,ok,79,1900000
1783270275328,62.1461364,6.0763083,4.554,0.5673065,0,44,ok,79,1900000
1783270277343,62.146134,6.076302,4.621,0.2852411,0,44,ok,79,1900000
1783270279358,62.1461192,6.0762707,4.716,0.65977687,0,44,ok,79,1900000
1783270281261,62.1461177,6.0762455,4.691,0.6656563,0,44,ok,79,1900000
1783270283221,62.1461199,6.0762353,4.628,0.3933394,0,44,ok,79,1900000
1783270285289,62.1461153,6.076195,4.565,0.5787723,0,44,ok,79,1900000
1783270287303,62.146115,6.0761799,4.527,0.49983117,0,44,ok,79,1900000
1783270289105,62.1461143,6.0761432,4.478,0.6662756,0,44,ok,79,1900000
1783270291264,62.1461123,6.0760995,4.575,0.7646005,0,44,ok,79,1900000
1783270293349,62.1461134,6.0760779,4.658,0.67156094,0,44,ok,79,1900000
1783270295362,62.1461155,6.076042,4.714,0.63173974,0,44,ok,79,1900000
1783270297266,62.1461151,6.0760435,4.648,0.17915508,0,44,ok,79,1900000
1783270299147,62.1461143,6.0760505,4.086,0.15873505,0,44,ok,79,1895250
1783270301344,62.146118,6.0760205,4.163,0.5418446,0,44,ok,79,1895250
1783270303308,62.1461205,6.0759804,4.379,0.7800312,0,44,ok,79,1895250
1783270305321,62.1461198,6.0759382,4.479,0.7944296,0,44,ok,79,1895250
1783270307335,62.1461179,6.0759073,4.382,0.8155962,0,44,ok,79,1895250
1783270309350,62.1461152,6.0758717,4.327,0.8448125,0,44,ok,79,1895250
1783270311252,62.1461083,6.075826,4.405,0.86642975,0,44,ok,79,1895250
1783270313377,62.1461132,6.0757914,4.451,0.85727143,0,44,ok,79,1895250
1783270315279,62.1461221,6.075753,4.489,0.8804382,1,45,ok,79,1895250
1783270317295,62.1461239,6.0757177,4.596,0.8149279,0,45,ok,79,1895250
1783270319310,62.1461203,6.0756733,4.64,0.9267532,0,45,ok,79,1895250
1783270321326,62.1461162,6.0756352,4.642,0.9394756,0,45,ok,79,1895250
1783270323340,62.1461146,6.0756006,4.684,0.9177234,0,45,ok,79,1895250
1783270325381,62.1461163,6.0755619,4.684,0.9555004,0,45,ok,79,1895250
1783270327256,62.1461136,6.0755353,4.722,0.85380185,0,45,ok,79,1895250
1783270329270,62.146115,6.0755083,4.567,0.8413508,0,45,ok,79,1892875
1783270331286,62.1461133,6.0754763,4.393,0.8028867,0,45,ok,79,1892875
1783270333301,62.1461148,6.075448,4.286,0.82494473,0,45,ok,79,1892875
1783270335315,62.1461206,6.0754082,4.302,0.9263383,0,45,ok,79,1892875
1783270337218,62.146126,6.075369,4.439,0.96923447,0,45,ok,79,1892875
1783270339285,62.14613,6.0753228,4.609,0.9277027,0,45,ok,79,1892875
1783270341124,62.146132,6.0752818,4.63,1.01234,0,45,ok,79,1892875
1783270343262,62.1461345,6.0752323,4.818,1.0527134,0,45,ok,79,1892875
1783270345277,62.1461284,6.0751714,4.846,1.0224234,0,45,ok,79,1892875
1783270347301,62.1461304,6.0751301,4.748,1.028895,0,45,ok,79,1892875
1783270349165,62.1461345,6.0750953,4.603,0.98103005,0,45,ok,79,1892875
1783270351100,62.1461362,6.075047,4.428,0.9799222,0,45,ok,79,1892875
1783270352961,62.1461343,6.0750204,4.382,0.9259066,0,45,ok,79,1892875
1783270354800,62.146136,6.0749956,4.378,0.898874,0,45,ok,79,1892875
1783270356830,62.1461396,6.0749588,4.454,1.0217335,0,45,ok,79,1892875
1783270359376,62.1461466,6.0749063,4.454,1.028943,0,45,ok,79,1890500
1783270361277,62.1461495,6.0748794,4.454,0.97472584,0,45,ok,79,1890500
1783270363291,62.1461507,6.0748421,4.483,1.0062599,0,45,ok,79,1890500
1783270365165,62.146146,6.0748021,4.49,0.9362453,0,45,ok,79,1890500
1783270367025,62.1461395,6.0747716,4.518,0.9709412,0,45,ok,79,1890500
1783270368998,62.1461385,6.0747451,4.491,0.86899024,0,45,ok,79,1890500
1783270370903,62.1461316,6.074716,4.35,0.8214259,0,45,ok,79,1890500
1783270372862,62.1461344,6.0746935,4.305,0.837209,0,45,ok,79,1890500
1783270374963,62.1461362,6.0746665,4.364,0.7967569,0,45,ok,79,1890500
1783270376804,62.1461383,6.0746373,4.485,0.83075976,0,45,ok,79,1890500
1783270378721,62.1461396,6.0746122,4.599,0.7582599,0,45,ok,79,1890500
1783270380581,62.1461459,6.0745736,4.676,0.98309475,0,45,ok,79,1890500
1783270382402,62.1461493,6.0745389,4.802,0.9662985,0,45,ok,79,1890500
1783270384243,62.1461509,6.0744973,4.888,1.0096757,0,45,ok,79,1890500
1783270386087,62.1461499,6.0744675,4.863,0.9891259,0,45,ok,79,1890500
1783270387925,62.1461521,6.0744343,4.805,0.9455969,0,45,ok,79,1890500
1783270389785,62.1461584,6.074407,4.658,0.84670985,0,45,ok,79,1888125
1783270392183,62.1461626,6.0743692,4.506,1.0664983,0,45,ok,79,1888125
1783270394002,62.1461658,6.0743266,4.468,1.0142676,0,45,ok,79,1888125
1783270395839,62.1461719,6.0742863,4.559,0.9900872,0,45,ok,79,1888125
1783270397703,62.1461731,6.0742526,4.756,0.91324407,0,45,ok,79,1888125
1783270400006,62.1461701,6.0742018,4.925,1.0536665,0,45,ok,79,1888125
1783270402402,62.1461663,6.074148,4.927,1.0710192,0,45,ok,79,1888125
1783270404806,62.1461609,6.0740926,4.83,1.0659796,0,45,ok,79,1888125
1783270407185,62.1461583,6.0740477,4.842,1.1086106,0,45,ok,79,1888125
1783270409342,62.146164,6.0740023,4.757,1.1622399,0,45,ok,79,1888125
1783270411281,62.1461656,6.0739655,4.728,1.0910467,0,45,ok,79,1888125
1783270413293,62.1461689,6.0739259,4.633,1.0566467,0,45,ok,79,1888125
1783270415309,62.1461678,6.0738798,4.465,1.0561777,0,45,ok,79,1888125
1783270417203,62.1461605,6.0738377,4.393,1.0399642,0,45,ok,79,1888125
1783270419026,62.1461592,6.0738102,4.457,1.014769,0,45,ok,79,1888125
1783270421348,62.1461619,6.0737645,4.619,0.98814315,0,45,ok,79,1885750
1783270423251,62.1461603,6.0737268,4.671,0.91751134,0,45,ok,79,1885750
1783270425365,62.1461583,6.0737071,4.46,0.86268115,0,45,ok,79,1885750
1783270427280,62.1461593,6.0736665,4.524,0.98042214,0,45,ok,79,1885750
1783270429293,62.1461638,6.073625,4.716,0.9902016,0,45,ok,79,1885750
1783270431306,62.1461722,6.0736038,4.854,0.91840774,0,45,ok,79,1885750
1783270433320,62.1461745,6.0735656,5.092,1.135456,0,45,ok,79,1885750
1783270435160,62.1461769,6.0735195,5.353,1.1332334,0,45,ok,79,1885750
1783270437011,62.1461772,6.0734721,5.434,1.0548443,0,45,ok,79,1885750
1783270439360,62.1461749,6.0734228,5.296,0.93150455,0,45,ok,79,1885750
1783270441261,62.1461705,6.073387,5.053,0.929384,0,45,ok,79,1885750
1783270443205,62.1461744,6.0733471,5.106,1.0549717,1,46,ok,79,1885750
1783270445287,62.1461835,6.0733025,5.416,1.1275442,0,46,ok,79,1885750
1783270447384,62.1461889,6.0732586,4.833,1.2772086,0,46,ok,79,1885750
1783270449365,62.146186,6.0731929,3.795,1.5522238,0,46,ok,79,1885750
1783270451328,62.146168,6.0731059,3.156,1.7106857,0,46,ok,79,1881000
1783270453341,62.1461619,6.0730174,3.276,1.9192879,0,46,ok,79,1881000
1783270455354,62.1461496,6.0729286,4.033,1.9294155,1,47,ok,79,1881000
1783270457256,62.146124,6.0728514,4.755,1.9410552,1,48,ok,79,1881000
1783270459081,62.1461104,6.0727572,5.181,2.2726831,1,49,ok,79,1881000
1783270461284,62.146127,6.0726729,5.449,1.8015404,0,49,ok,79,1881000
1783270463296,62.146147,6.0726465,4.818,0.62565845,1,50,ok,79,1881000
1783270465310,62.1461444,6.0726182,3.297,0.8262462,0,50,ok,79,1881000
1783270467325,62.1461373,6.0726366,3.0,0.19365495,0,50,ok,79,1881000
1783270469182,62.146135,6.0726376,3.0,0.18247944,0,50,ok,79,1881000
1783270471128,62.1461313,6.0726058,3.003,0.73319894,0,50,ok,79,1881000
1783270473067,62.1461261,6.0725372,3.052,1.3077338,0,50,ok,79,1881000
1783270475103,62.1461227,6.0724646,3.192,1.444913,0,50,ok,79,1881000
1783270477245,62.146117,6.0724003,3.495,1.4343269,0,50,ok,79,1881000
1783270479139,62.1461065,6.0723448,3.851,1.3867196,0,50,ok,79,1881000
1783270481242,62.1460941,6.0722704,4.338,1.619309,1,51,ok,79,1878625
1783270483143,62.1460959,6.0722024,4.655,1.6281255,0,51,ok,79,1878625
1783270485324,62.1460825,6.0721431,4.85,1.3652195,0,51,ok,79,1878625
1783270487350,62.1460865,6.072099,4.807,1.2137734,0,51,ok,79,1878625
1783270489364,62.1460735,6.0720718,4.032,1.0609949,0,51,ok,79,1878625
1783270491267,62.1460662,6.0720414,3.341,1.0160198,0,51,ok,79,1878625
1783270493366,62.1460658,6.0720027,3.272,1.0129975,0,51,ok,79,1878625
1783270495295,62.1460595,6.0719735,3.554,0.84319,0,51,ok,79,1878625
1783270497308,62.146051,6.0719786,4.104,0.09685184,0,51,ok,79,1878625
1783270499323,62.1460435,6.0719868,4.17,0.021637056,1,52,ok,79,1878625
1783270501336,62.1460396,6.0719907,3.666,0.07651263,0,52,ok,79,1878625
1783270503305,62.1460365,6.0719813,3.422,0.20095108,0,52,ok,79,1878625
1783270505250,62.1460375,6.0719743,3.442,0.14906774,0,52,ok,79,1878625
1783270507265,62.1460401,6.0719532,3.669,0.48194364,0,52,ok,79,1878625
1783270509322,62.1460306,6.0718992,4.13,0.9498728,1,53,ok,79,1878625
1783270511144,62.146037,6.071859,4.331,0.89811784,0,53,ok,78,1876250
1783270513023,62.1460294,6.0718202,4.499,0.971634,0,53,ok,78,1876250
1783270514988,62.1460238,6.0717785,4.594,1.0095916,0,53,ok,78,1876250
1783270517337,62.1460233,6.071725,4.871,0.87706655,0,53,ok,78,1876250
1783270519352,62.1460268,6.0717009,4.882,0.7808343,0,53,ok,78,1876250
1783270521252,62.1460356,6.0717151,4.624,0.31647268,0,53,ok,78,1876250
1783270523379,62.1460336,6.0717139,4.398,0.12251611,0,53,ok,78,1876250
1783270525284,62.1460322,6.0717055,4.027,0.11338758,0,53,ok,78,1876250
1783270527163,62.1460371,6.0716787,3.887,0.6586361,0,53,ok,78,1876250
1783270529309,62.1460349,6.0716113,3.976,1.025364,0,53,ok,78,1876250
1783270531264,62.1460265,6.0715584,4.162,0.98688495,0,53,ok,78,1876250
1783270533122,62.1460233,6.0715151,4.369,0.9230636,0,53,ok,78,1876250
1783270535350,62.1460153,6.0715061,4.573,0.41670832,0,53,ok,78,1876250
1783270537364,62.1460154,6.0715114,4.547,0.07736101,0,53,ok,78,1876250
1783270539266,62.1460172,6.0715129,4.431,0.06669427,0,53,ok,78,1876250
1783270541279,62.1460158,6.0715129,4.26,0.056636482,0,53,ok,78,1873875
1783270543196,62.1460154,6.0715128,4.2,0.048497938,0,53,ok,78,1873875
1783270545308,62.1460141,6.0715098,3.878,0.08415614,0,53,ok,78,1873875
1783270547408,62.1460082,6.0714904,3.79,0.33386022,0,53,ok,78,1873875
1783270549336,62.1459969,6.0714324,3.987,1.0106409,0,53,ok,78,1873875
1783270551249,62.1459778,6.0713924,4.225,1.0591718,0,53,ok,78,1873875
1783270553360,62.1459555,6.0713662,4.411,1.0611218,0,53,ok,78,1873875
1783270555206,62.1459333,6.0713548,4.424,1.1323197,0,53,ok,78,1873875
1783270557100,62.1459117,6.0713359,4.516,1.1152749,0,53,ok,78,1873875
1783270559305,62.1458858,6.0713324,4.797,1.1680717,0,53,ok,78,1873875
1783270561309,62.1458615,6.0713435,4.924,1.1989472,0,53,ok,78,1873875
1783270563324,62.1458442,6.0713394,4.905,1.1821254,0,53,ok,78,1873875
1783270565337,62.1458296,6.0713158,4.668,1.1257596,0,53,ok,78,1873875
1783270567249,62.1458214,6.0712887,4.436,1.026112,0,53,ok,78,1873875
1783270569365,62.1458141,6.0712536,4.343,1.0119917,0,53,ok,78,1873875
1783270571269,62.1458047,6.0712331,4.254,0.9832387,0,53,ok,78,1871500
1783270573282,62.1457986,6.0711826,4.152,1.0715513,0,53,ok,78,1871500
1783270575297,62.1458031,6.0711432,4.11,0.9239871,0,53,ok,78,1871500
1783270577312,62.1458073,6.0711195,4.227,0.7934425,0,53,ok,78,1871500
1783270579266,62.1458112,6.0711087,4.372,0.6124773,0,53,ok,78,1871500
1783270581230,62.1458189,6.0710612,4.811,0.9418794,0,53,ok,78,1871500
1783270583249,62.145832,6.0710149,4.832,0.9776504,0,53,ok,78,1871500
1783270585260,62.1458387,6.0709808,4.886,0.9429668,0,53,ok,78,1871500
1783270587061,62.1458452,6.0709502,4.757,0.95083976,0,53,ok,78,1871500
1783270588900,62.1458525,6.0709147,4.847,1.1198765,0,53,ok,78,1871500
1783270591080,62.1458609,6.0708649,4.873,1.1288881,0,53,ok,78,1871500
1783270593318,62.1458608,6.0708298,4.846,0.81259435,0,53,ok,78,1871500
1783270595334,62.1458461,6.0708008,4.317,0.833775,0,53,ok,78,1871500
1783270597349,62.1458304,6.0707656,3.0,0.8448902,0,53,ok,78,1871500
1783270599285,62.1458196,6.0707443,3.057,0.77310497,0,53,ok,78,1871500
1783270601205,62.1458087,6.0707206,3.207,0.7976793,0,53,ok,78,1869125
1783270603163,62.1457964,6.0707008,3.503,0.851,0,53,ok,78,1869125
1783270605294,62.1457777,6.0706781,3.887,1.0272318,0,53,ok,78,1869125
1783270607301,62.1457633,6.0706592,4.191,0.92010075,0,53,ok,78,1869125
1783270609282,62.1457522,6.0706398,4.405,0.84354323,0,53,ok,78,1869125
1783270611335,62.1457446,6.0706285,4.451,0.67165965,0,53,ok,78,1869125
1783270613347,62.1457482,6.0706432,4.366,0.10146101,0,53,ok,78,1869125
1783270615250,62.145752,6.0706392,3.849,0.01829235,0,53,ok,78,1869125
1783270617375,62.1457521,6.0706395,3.518,0.10212457,0,53,ok,78,1869125
1783270619276,62.1457473,6.0706348,3.182,0.37738445,0,53,ok,78,1869125
1783270621405,62.1457311,6.0706276,3.432,0.9055471,0,53,ok,78,1869125
1783270623302,62.1457132,6.0705964,4.023,1.0730592,0,53,ok,78,1869125
1783270625316,62.1456988,6.0705533,5.048,0.99529284,0,53,ok,78,1869125
1783270627330,62.1456873,6.0705101,5.348,0.9517194,0,53,ok,78,1869125
1783270629343,62.1456696,6.0704973,5.233,1.0226973,0,53,ok,78,1869125
1783270631356,62.1456547,6.0704721,4.953,0.9818814,0,53,ok,78,1864375
1783270633259,62.1456446,6.0704492,4.797,0.83306825,0,53,ok,78,1864375
1783270635107,62.1456355,6.0704291,4.686,0.84795076,0,53,ok,78,1864375
1783270637104,62.1456194,6.0704079,4.741,0.897414,0,53,ok,78,1864375
1783270639297,62.1456071,6.0703774,4.877,0.8080826,0,53,ok,78,1864375
1783270641344,62.1455933,6.0703633,4.874,0.71674293,0,53,ok,78,1864375
1783270643260,62.1455842,6.0703475,4.707,0.6785783,0,53,ok,78,1864375
1783270645335,62.1455654,6.070322,4.549,0.92380583,0,53,ok,78,1864375
1783270647350,62.1455552,6.0703006,4.445,0.9093123,0,53,ok,78,1864375
1783270649166,62.1455605,6.0702811,4.376,0.7050248,0,53,ok,78,1864375
1783270651265,62.1455571,6.0702656,4.405,0.7158841,0,53,ok,78,1864375
1783270653277,62.1455571,6.0702705,4.135,0.5260055,0,53,ok,78,1864375
1783270655291,62.1455331,6.0702543,4.223,0.92907864,0,53,ok,78,1864375
1783270657325,62.1455004,6.0702325,4.36,1.0669994,0,53,ok,78,1864375
1783270659251,62.145483,6.0702255,4.498,1.0538119,0,53,ok,78,1864375
1783270661086,62.1454652,6.0702151,4.475,1.0346723,0,53,ok,78,1862000
1783270663341,62.1454434,6.0701954,4.511,1.0883012,0,53,ok,78,1862000
1783270665354,62.1454252,6.070165,4.418,1.0368907,0,53,ok,78,1862000
1783270667347,62.1454099,6.0701527,4.401,1.0616785,0,53,ok,78,1862000
1783270669269,62.1454004,6.0701416,4.472,1.0024251,0,53,ok,78,1862000
1783270671368,62.1454021,6.0701329,4.553,0.66649884,0,53,ok,78,1862000
1783270673295,62.1453849,6.0701196,4.505,1.0027783,0,53,ok,78,1862000
1783270675307,62.145369,6.0701036,4.382,1.0563895,0,53,ok,78,1862000
1783270677321,62.1453658,6.0701049,3.947,0.7311526,0,53,ok,78,1862000
1783270679334,62.1453463,6.070113,3.878,0.92110455,0,53,ok,78,1862000
1783270681262,62.1453304,6.0701389,3.805,0.919539,0,53,ok,78,1862000
1783270683360,62.1453325,6.0701577,3.877,0.6182174,0,53,ok,78,1862000
1783270685372,62.1453285,6.0701372,3.878,0.10798661,0,53,ok,78,1862000
1783270687385,62.1453258,6.0701285,3.559,0.026996115,0,53,ok,78,1862000
1783270689398,62.1453235,6.0701264,3.402,0.07381514,0,53,ok,78,1862000
1783270691299,62.1453203,6.0701246,3.492,0.02142535,0,53,ok,78,1859625
1783270693311,62.1453196,6.0701272,3.635,0.021783363,0,53,ok,78,1859625
1783270695322,62.1453201,6.0701247,3.699,0.029979512,0,53,ok,78,1859625
1783270697334,62.1453202,6.0701249,3.781,0.032135963,0,53,ok,78,1859625
1783270699347,62.1453178,6.0701227,3.801,0.08440311,0,53,ok,78,1859625
1783270701358,62.1453144,6.0701336,4.032,0.1399504,0,53,ok,78,1859625
1783270703258,62.1453098,6.0701408,3.952,0.1664368,0,53,ok,78,1859625
1783270705270,62.1453064,6.070145,3.62,0.0025261624,0,53,ok,78,1859625
1783270707283,62.1453057,6.0701459,3.48,0.06363459,0,53,ok,78,1859625
1783270709297,62.1453047,6.0701472,3.348,0.06517472,0,53,ok,78,1859625
1783270711199,62.1453042,6.0701483,3.117,0.07634165,0,53,ok,78,1859625
1783270713160,62.1452971,6.0701402,3.095,0.5149665,0,53,ok,78,1859625
1783270715250,62.14529,6.0701402,3.391,0.30533177,0,53,ok,78,1859625
1783270717099,62.1452832,6.0701455,3.794,0.45411044,0,53,ok,78,1859625
1783270719254,62.1452617,6.0701707,4.239,0.5783298,0,53,ok,78,1859625
1783270721181,62.1452532,6.0701839,4.623,0.5918613,0,53,ok,78,1857250
